TABLE_NAME,COLUMN_NAME,COLUMN_TYPE,IS_NULLABLE,COLUMN_KEY,EXTRA
purchased_order,order_id,int,NO,PRI,auto_increment
purchased_order,item_key,int,YES,,
purchased_order,item_id,varchar(100),YES,,
purchased_order,item_description,text,YES,,
student,id,int,YES,,
student,name,varchar(100),YES,,
student,email,varchar(100),YES,,
students,id,int,YES,,
students,name,varchar(100),YES,,
students,email,varchar(100),YES,,
students,eml,varchar(100),YES,,
students,el,varchar(100),YES,,
YFS_ACTIVITY,ACTIVITY_CODE,varchar(40),YES,,
YFS_ASSET,ASSET_KEY,char(24),YES,,
YFS_ASSET,ASSET_ID,varchar(40),YES,,
YFS_ASSET,PARENT_TABLE,varchar(40),YES,,
YFS_ASSET,PARENT_KEY,char(24),YES,,
YFS_ASSET,TYPE,varchar(100),YES,,
YFS_ASSET,LABEL,varchar(200),YES,,
YFS_ASSET,DESCRIPTION,varchar(500),YES,,
YFS_ASSET,CONTENT_SIZE,varchar(200),YES,,
YFS_ASSET,CONTENT_LOCATION,varchar(255),YES,,
YFS_ASSET,CONTENT_ID,char(24),YES,,
YFS_ASSET,LOCKID,int,YES,,
YFS_ASSET,CREATETS,datetime,YES,,
YFS_ASSET,MODIFYTS,datetime,YES,,
YFS_ASSET,CREATEUSERID,varchar(40),YES,,
YFS_ASSET,MODIFYUSERID,varchar(40),YES,,
YFS_ASSET,CREATEPROGID,varchar(40),YES,,
YFS_ASSET,MODIFYPROGID,varchar(40),YES,,
YFS_ASSET_LOCALE,ASSET_LOCALE_KEY,char(24),YES,,
YFS_ASSET_LOCALE,ASSET_KEY,char(24),YES,,
YFS_ASSET_LOCALE,COUNTRY,varchar(40),YES,,
YFS_ASSET_LOCALE,LANGUAGE,varchar(10),YES,,
YFS_ASSET_LOCALE,VARIANT,varchar(20),YES,,
YFS_ASSET_LOCALE,LABEL,varchar(200),YES,,
YFS_ASSET_LOCALE,DESCRIPTION,varchar(500),YES,,
YFS_ASSET_LOCALE,CONTENT_LOCATION,varchar(255),YES,,
YFS_ASSET_LOCALE,CONTENT_ID,char(24),YES,,
YFS_ASSET_LOCALE,LOCKID,int,YES,,
YFS_ASSET_LOCALE,CREATETS,datetime,YES,,
YFS_ASSET_LOCALE,MODIFYTS,datetime,YES,,
YFS_ASSET_LOCALE,CREATEUSERID,varchar(40),YES,,
YFS_ASSET_LOCALE,MODIFYUSERID,varchar(40),YES,,
YFS_ASSET_LOCALE,CREATEPROGID,varchar(40),YES,,
YFS_ASSET_LOCALE,MODIFYPROGID,varchar(40),YES,,
YFS_ASSOCIATION,ASSOCIATION_KEY,char(24),YES,,
YFS_ASSOCIATION,PARENT_TABLE,varchar(40),YES,,
YFS_ASSOCIATION,PARENT_KEY,char(24),YES,,
YFS_ASSOCIATION,ASSOCIATION_TYPE,varchar(20),YES,,
YFS_ASSOCIATION,ASSOCIATION_GROUP,varchar(40),YES,,
YFS_ASSOCIATION,EFFECTIVE_FROM,date,YES,,
YFS_ASSOCIATION,EFFECTIVE_TO,date,YES,,
YFS_ASSOCIATION,ASSOCIATED_TABLE,varchar(20),YES,,
YFS_ASSOCIATION,ASSOCIATED_KEY,char(24),YES,,
YFS_ASSOCIATION,ASSOCIATED_QUANTITY,"decimal(14,4)",YES,,
YFS_ASSOCIATION,PRIORITY,"decimal(10,2)",YES,,
YFS_ASSOCIATION,LOCKID,int,YES,,
YFS_ASSOCIATION,CREATETS,datetime,YES,,
YFS_ASSOCIATION,MODIFYTS,datetime,YES,,
YFS_ASSOCIATION,CREATEUSERID,varchar(40),YES,,
YFS_ASSOCIATION,MODIFYUSERID,varchar(40),YES,,
YFS_ASSOCIATION,CREATEPROGID,varchar(40),YES,,
YFS_ASSOCIATION,MODIFYPROGID,varchar(40),YES,,
YFS_ATP_RULES,ATP_RULE,char(24),YES,,
YFS_ATP_RULES,ORGANIZATION_CODE,char(24),YES,,
YFS_CALENDAR,CALENDAR_KEY,char(24),YES,,
YFS_CATEGORY,CATEGORY_KEY,char(24),YES,,
YFS_DISTRIBUTION_RULE,DISTRIBUTION_RULE_ID,char(24),YES,,
YFS_ENTERPRISE,PRIMARY_ENTERPRISE_KEY,char(24),YES,,
YFS_INVENTORY_MONITOR_RULES,INVENTORY_MONITOR_RULE,char(24),YES,,
YFS_INVENTORY_MONITOR_RULES,ORGANIZATION_CODE,char(24),YES,,
YFS_ITEM,ITEM_KEY,char(24),YES,,
YFS_ITEM_ALIAS,ITEM_ALIAS_KEY,char(24),YES,,
YFS_ITEM_ALIAS,ITEM_KEY,char(24),YES,,
YFS_ITEM_ALIAS,ALIAS_NAME,varchar(40),YES,,
YFS_ITEM_ALIAS,ALIAS_VALUE,varchar(100),YES,,
YFS_ITEM_ALIAS,LOCKID,int,YES,,
YFS_ITEM_ALIAS,CREATETS,datetime,YES,,
YFS_ITEM_ALIAS,MODIFYTS,datetime,YES,,
YFS_ITEM_ALIAS,CREATEUSERID,varchar(40),YES,,
YFS_ITEM_ALIAS,MODIFYUSERID,varchar(40),YES,,
YFS_ITEM_ALIAS,CREATEPROGID,varchar(40),YES,,
YFS_ITEM_ALIAS,MODIFYPROGID,varchar(40),YES,,
YFS_ITEM_EXCLUSION,ITEM_EXCLUSION_KEY,char(24),YES,,
YFS_ITEM_EXCLUSION,ITEM_KEY,char(24),YES,,
YFS_ITEM_EXCLUSION,EXCLUSION_CODE,varchar(40),YES,,
YFS_ITEM_EXCLUSION,CREATETS,datetime,YES,,
YFS_ITEM_EXCLUSION,MODIFYTS,datetime,YES,,
YFS_ITEM_EXCLUSION,CREATEUSERID,varchar(40),YES,,
YFS_ITEM_EXCLUSION,MODIFYUSERID,varchar(40),YES,,
YFS_ITEM_EXCLUSION,CREATEPROGID,varchar(40),YES,,
YFS_ITEM_EXCLUSION,MODIFYPROGID,varchar(40),YES,,
YFS_ITEM_EXCLUSION,LOCKID,int,YES,,
YFS_ITEM_INSTRUCTION,ITEM_INSTRUCTION_KEY,char(24),YES,,
YFS_ITEM_INSTRUCTION,ITEM_KEY,char(24),YES,,
YFS_ITEM_INSTRUCTION,INSTRUCTION_TYPE,char(10),YES,,
YFS_ITEM_INSTRUCTION,SEQ_NO,int,YES,,
YFS_ITEM_INSTRUCTION,INSTRUCTION_CODE,varchar(40),YES,,
YFS_ITEM_INSTRUCTION,INSTRUCTION_TEXT,varchar(4000),YES,,
YFS_ITEM_INSTRUCTION,LOCKID,int,YES,,
YFS_ITEM_INSTRUCTION,CREATETS,datetime,YES,,
YFS_ITEM_INSTRUCTION,MODIFYTS,datetime,YES,,
YFS_ITEM_INSTRUCTION,CREATEUSERID,varchar(40),YES,,
YFS_ITEM_INSTRUCTION,MODIFYUSERID,varchar(40),YES,,
YFS_ITEM_INSTRUCTION,CREATEPROGID,varchar(40),YES,,
YFS_ITEM_INSTRUCTION,MODIFYPROGID,varchar(40),YES,,
YFS_ITEM_INSTRUCTION_CODE,ITEM_INSTRUCTION_CODE_KEY,char(24),YES,,
YFS_ITEM_INSTRUCTION_CODE,ORGANIZATION_CODE,char(24),YES,,
YFS_ITEM_INSTRUCTION_CODE,INSTRUCTION_TYPE,char(10),YES,,
YFS_ITEM_INSTRUCTION_CODE,INSTRUCTION_CODE,varchar(40),YES,,
YFS_ITEM_INSTRUCTION_CODE,INSTRUCTION_TEXT,varchar(4000),YES,,
YFS_ITEM_INSTRUCTION_CODE,LOCKID,int,YES,,
YFS_ITEM_INSTRUCTION_CODE,CREATETS,datetime,YES,,
YFS_ITEM_INSTRUCTION_CODE,MODIFYTS,datetime,YES,,
YFS_ITEM_INSTRUCTION_CODE,CREATEUSERID,varchar(40),YES,,
YFS_ITEM_INSTRUCTION_CODE,MODIFYUSERID,varchar(40),YES,,
YFS_ITEM_INSTRUCTION_CODE,CREATEPROGID,varchar(40),YES,,
YFS_ITEM_INSTRUCTION_CODE,MODIFYPROGID,varchar(40),YES,,
YFS_ITEM_LOCALE,ITEM_LOCALE_KEY,char(24),YES,,
YFS_ITEM_LOCALE,ITEM_KEY,char(24),YES,,
YFS_ITEM_LOCALE,COUNTRY,varchar(40),YES,,
YFS_ITEM_LOCALE,LANGUAGE,varchar(10),YES,,
YFS_ITEM_LOCALE,VARIANT,varchar(20),YES,,
YFS_ITEM_LOCALE,SHORT_DESCRIPTION,varchar(200),YES,,
YFS_ITEM_LOCALE,DESCRIPTION,varchar(500),YES,,
YFS_ITEM_LOCALE,EXTENDED_DESCRIPTION,varchar(2000),YES,,
YFS_ITEM_LOCALE,EXTENDED_DISPLAY_DESCRIPTION,varchar(500),YES,,
YFS_ITEM_LOCALE,IMAGE_LOCATION,varchar(255),YES,,
YFS_ITEM_LOCALE,IMAGE_ID,char(100),YES,,
YFS_ITEM_LOCALE,IMAGE_LABEL,varchar(200),YES,,
YFS_ITEM_LOCALE,LOCKID,int,YES,,
YFS_ITEM_LOCALE,CREATETS,datetime,YES,,
YFS_ITEM_LOCALE,MODIFYTS,datetime,YES,,
YFS_ITEM_LOCALE,CREATEUSERID,varchar(40),YES,,
YFS_ITEM_LOCALE,MODIFYUSERID,varchar(40),YES,,
YFS_ITEM_LOCALE,CREATEPROGID,varchar(40),YES,,
YFS_ITEM_LOCALE,MODIFYPROGID,varchar(40),YES,,
YFS_ITEM_NODE_DEFN,ITEM_NODE_DEFN_KEY,char(24),YES,,
YFS_ITEM_NODE_DEFN,ITEM_ID,char(40),YES,,
YFS_ITEM_NODE_DEFN,UOM,varchar(40),YES,,
YFS_ITEM_NODE_DEFN,ORGANIZATION_CODE,char(24),YES,,
YFS_ITEM_NODE_DEFN,NODE,char(24),YES,,
YFS_ITEM_NODE_DEFN,VELOCITY_CODE,varchar(40),YES,,
YFS_ITEM_NODE_DEFN,OPERATIONAL_CONFIG_COMPLETE,char(1),YES,,
YFS_ITEM_NODE_DEFN,STORAGE_TYPE,varchar(40),YES,,
YFS_ITEM_NODE_DEFN,PICKING_TYPE,varchar(40),YES,,
YFS_ITEM_NODE_DEFN,ONHAND_SAFETY_FACTOR_QTY,"decimal(14,4)",YES,,
YFS_ITEM_NODE_DEFN,ONHAND_SAFETY_FACTOR_PCT,"decimal(5,2)",YES,,
YFS_ITEM_NODE_DEFN,FUTURE_SAFETY_FACTOR_PCT,"decimal(5,2)",YES,,
YFS_ITEM_NODE_DEFN,LOCKID,int,YES,,
YFS_ITEM_NODE_DEFN,CREATETS,datetime,YES,,
YFS_ITEM_NODE_DEFN,MODIFYTS,datetime,YES,,
YFS_ITEM_NODE_DEFN,CREATEUSERID,varchar(40),YES,,
YFS_ITEM_NODE_DEFN,MODIFYUSERID,varchar(40),YES,,
YFS_ITEM_NODE_DEFN,CREATEPROGID,varchar(40),YES,,
YFS_ITEM_NODE_DEFN,MODIFYPROGID,varchar(40),YES,,
YFS_ITEM_OPTION,ITEM_OPTION_KEY,char(24),YES,,
YFS_ITEM_OPTION,ITEM_KEY,char(24),YES,,
YFS_ITEM_OPTION,OPTION_ITEM_ID,char(40),YES,,
YFS_ITEM_OPTION,OPTION_UOM,varchar(40),YES,,
YFS_ITEM_OPTION,OPTION_ORGANIZATION_CODE,char(24),YES,,
YFS_ITEM_OPTION,LOCKID,int,YES,,
YFS_ITEM_OPTION,CREATETS,datetime,YES,,
YFS_ITEM_OPTION,MODIFYTS,datetime,YES,,
YFS_ITEM_OPTION,CREATEUSERID,varchar(40),YES,,
YFS_ITEM_OPTION,MODIFYUSERID,varchar(40),YES,,
YFS_ITEM_OPTION,CREATEPROGID,varchar(40),YES,,
YFS_ITEM_OPTION,MODIFYPROGID,varchar(40),YES,,
YFS_ITEM_SERVICE_ASSC_SKILL,ITEM_SERVICE_ASSC_SKILL_KEY,char(24),YES,,
YFS_ITEM_SERVICE_ASSC_SKILL,ITEM_SERVICE_ASSOC_KEY,char(24),YES,,
YFS_ITEM_SERVICE_ASSC_SKILL,ORGANIZATION_CODE,char(24),YES,,
YFS_ITEM_SERVICE_ASSC_SKILL,SERVICE_SKILL_ID,varchar(40),YES,,
YFS_ITEM_SERVICE_ASSC_SKILL,LOCKID,int,YES,,
YFS_ITEM_SERVICE_ASSC_SKILL,CREATETS,datetime,YES,,
YFS_ITEM_SERVICE_ASSC_SKILL,MODIFYTS,datetime,YES,,
YFS_ITEM_SERVICE_ASSC_SKILL,CREATEUSERID,varchar(40),YES,,
YFS_ITEM_SERVICE_ASSC_SKILL,MODIFYUSERID,varchar(40),YES,,
YFS_ITEM_SERVICE_ASSC_SKILL,CREATEPROGID,varchar(40),YES,,
YFS_ITEM_SERVICE_ASSC_SKILL,MODIFYPROGID,varchar(40),YES,,
YFS_ITEM_SERVICE_ASSOC,ITEM_SERVICE_ASSOC_KEY,char(24),YES,,
YFS_ITEM_SERVICE_SKILL,ITEM_SERVICE_SKILL_KEY,char(24),YES,,
YFS_ITEM_SERVICE_SKILL,ITEM_KEY,char(24),YES,,
YFS_ITEM_SERVICE_SKILL,ORGANIZATION_CODE,char(24),YES,,
YFS_ITEM_SERVICE_SKILL,SERVICE_SKILL_ID,varchar(40),YES,,
YFS_ITEM_SERVICE_SKILL,LOCKID,int,YES,,
YFS_ITEM_SERVICE_SKILL,CREATETS,datetime,YES,,
YFS_ITEM_SERVICE_SKILL,MODIFYTS,datetime,YES,,
YFS_ITEM_SERVICE_SKILL,CREATEUSERID,varchar(40),YES,,
YFS_ITEM_SERVICE_SKILL,MODIFYUSERID,varchar(40),YES,,
YFS_ITEM_SERVICE_SKILL,CREATEPROGID,varchar(40),YES,,
YFS_ITEM_SERVICE_SKILL,MODIFYPROGID,varchar(40),YES,,
YFS_ITEM_TAG,ITEM_TAG_KEY,char(24),YES,,
YFS_ITEM_TAG,ITEM_KEY,char(24),YES,,
YFS_ITEM_TAG,LOT_NUMBER,char(2),YES,,
YFS_ITEM_TAG,LOT_KEY_REFERENCE,char(2),YES,,
YFS_ITEM_TAG,LOT_MANUFACTURE_DATE,char(2),YES,,
YFS_ITEM_TAG,LOT_ATTRIBUTE1,char(2),YES,,
YFS_ITEM_TAG,LOT_ATTRIBUTE2,char(2),YES,,
YFS_ITEM_TAG,LOT_ATTRIBUTE3,char(2),YES,,
YFS_ITEM_TAG,REVISION_NO,char(2),YES,,
YFS_ITEM_TAG,BATCH_NO,char(2),YES,,
YFS_ITEM_TAG,LOCKID,int,YES,,
YFS_ITEM_TAG,CREATETS,datetime,YES,,
YFS_ITEM_TAG,MODIFYTS,datetime,YES,,
YFS_ITEM_TAG,CREATEUSERID,varchar(40),YES,,
YFS_ITEM_TAG,MODIFYUSERID,varchar(40),YES,,
YFS_ITEM_TAG,CREATEPROGID,varchar(40),YES,,
YFS_ITEM_TAG,MODIFYPROGID,varchar(40),YES,,
YFS_ITEM_UOM,ITEM_UOM_KEY,char(24),YES,,
YFS_ITEM_UOM,ITEM_KEY,char(24),YES,,
YFS_ITEM_UOM,UOM,varchar(40),YES,,
YFS_ITEM_UOM,QUANTITY,"decimal(14,4)",YES,,
YFS_ITEM_UOM,POSITIVE_PACKAGE_TOLERANCE_QTY,"decimal(14,4)",YES,,
YFS_ITEM_UOM,NEGATIVE_PACKAGE_TOLERANCE_QTY,"decimal(14,4)",YES,,
YFS_ITEM_UOM,LENGTH,"decimal(14,4)",YES,,
YFS_ITEM_UOM,WIDTH,"decimal(14,4)",YES,,
YFS_ITEM_UOM,HEIGHT,"decimal(14,4)",YES,,
YFS_ITEM_UOM,WEIGHT,"decimal(14,4)",YES,,
YFS_ITEM_UOM,LENGTH_UOM,varchar(40),YES,,
YFS_ITEM_UOM,WIDTH_UOM,varchar(40),YES,,
YFS_ITEM_UOM,HEIGHT_UOM,varchar(40),YES,,
YFS_ITEM_UOM,WEIGHT_UOM,varchar(40),YES,,
YFS_ITEM_UOM,IS_ORDERING_UOM,char(1),YES,,
YFS_ITEM_UOM,IS_OPERATIONAL_UOM,char(1),YES,,
YFS_ITEM_UOM,LOCKID,int,YES,,
YFS_ITEM_UOM,CREATETS,datetime,YES,,
YFS_ITEM_UOM,MODIFYTS,datetime,YES,,
YFS_ITEM_UOM,CREATEUSERID,varchar(40),YES,,
YFS_ITEM_UOM,MODIFYUSERID,varchar(40),YES,,
YFS_ITEM_UOM,CREATEPROGID,varchar(40),YES,,
YFS_ITEM_UOM,MODIFYPROGID,varchar(40),YES,,
YFS_ITEM_UOM_MASTER,ITEM_UOM_MASTER_KEY,char(24),YES,,
YFS_ITEM_UOM_MASTER,ORGANIZATION_CODE,char(24),YES,,
YFS_ITEM_UOM_MASTER,UOM,varchar(40),YES,,
YFS_ITEM_UOM_MASTER,UOM_TYPE,varchar(40),YES,,
YFS_ITEM_UOM_MASTER,ITEM_GROUP_CODE,varchar(20),YES,,
YFS_ITEM_UOM_MASTER,DESCRIPTION,varchar(200),YES,,
YFS_ITEM_UOM_MASTER,LPN_TYPE,varchar(40),YES,,
YFS_ITEM_UOM_MASTER,PACKAGING_INDICATOR,varchar(20),YES,,
YFS_ITEM_UOM_MASTER,ALLOW_FRACTIONS_IN_CONVERSION,char(1),YES,,
YFS_ITEM_UOM_MASTER,QTY_UOM_ROUNDING_PRECISION,int,YES,,
YFS_ITEM_UOM_MASTER,TIME_UOM_ROUNDING_PRECISION,int,YES,,
YFS_ITEM_UOM_MASTER,IS_INVENTORY_UOM,char(1),YES,,
YFS_ITEM_UOM_MASTER,IS_ORDERING_UOM,char(1),YES,,
YFS_ITEM_UOM_MASTER,IS_OPERATIONAL_UOM,char(1),YES,,
YFS_ITEM_UOM_MASTER,LOCKID,int,YES,,
YFS_ITEM_UOM_MASTER,CREATETS,datetime,YES,,
YFS_ITEM_UOM_MASTER,MODIFYTS,datetime,YES,,
YFS_ITEM_UOM_MASTER,CREATEUSERID,varchar(40),YES,,
YFS_ITEM_UOM_MASTER,MODIFYUSERID,varchar(40),YES,,
YFS_ITEM_UOM_MASTER,CREATEPROGID,varchar(40),YES,,
YFS_ITEM_UOM_MASTER,MODIFYPROGID,varchar(40),YES,,
YFS_KIT_ITEM,KIT_ITEM_KEY,char(24),YES,,
YFS_KIT_ITEM,ITEM_KEY,char(24),YES,,
YFS_KIT_ITEM,COMPONENT_ITEM_KEY,char(24),YES,,
YFS_KIT_ITEM,KIT_QUANTITY,"decimal(14,4)",YES,,
YFS_KIT_ITEM,LOCKID,int,YES,,
YFS_KIT_ITEM,CREATETS,datetime,YES,,
YFS_KIT_ITEM,MODIFYTS,datetime,YES,,
YFS_KIT_ITEM,CREATEUSERID,varchar(40),YES,,
YFS_KIT_ITEM,MODIFYUSERID,varchar(40),YES,,
YFS_KIT_ITEM,CREATEPROGID,varchar(40),YES,,
YFS_KIT_ITEM,MODIFYPROGID,varchar(40),YES,,
YFS_LANGUAGE_DESCRIPTION,LANGUAGE_DESCRIPTION_KEY,char(24),YES,,
YFS_LANGUAGE_DESCRIPTION,TABLE_NAME,varchar(40),YES,,
YFS_LANGUAGE_DESCRIPTION,TABLE_KEY,char(24),YES,,
YFS_LANGUAGE_DESCRIPTION,LOCALE_CODE,varchar(20),YES,,
YFS_LANGUAGE_DESCRIPTION,SHORT_DESCRIPTION,varchar(100),YES,,
YFS_LANGUAGE_DESCRIPTION,DESCRIPTION,varchar(500),YES,,
YFS_LANGUAGE_DESCRIPTION,EXTENDED_DESCRIPTION,varchar(2000),YES,,
YFS_LANGUAGE_DESCRIPTION,EXTENDED_DISPLAY_DESCRIPTION,varchar(500),YES,,
YFS_LANGUAGE_DESCRIPTION,LOCKID,int,YES,,
YFS_LANGUAGE_DESCRIPTION,CREATETS,datetime,YES,,
YFS_LANGUAGE_DESCRIPTION,MODIFYTS,datetime,YES,,
YFS_LANGUAGE_DESCRIPTION,CREATEUSERID,varchar(40),YES,,
YFS_LANGUAGE_DESCRIPTION,MODIFYUSERID,varchar(40),YES,,
YFS_LANGUAGE_DESCRIPTION,CREATEPROGID,varchar(40),YES,,
YFS_LANGUAGE_DESCRIPTION,MODIFYPROGID,varchar(40),YES,,
YFS_LOCALE,LOCALE_CODE,char(24),YES,,
YFS_MASTER_CATALOG,MASTER_CATALOG_KEY,char(24),YES,,
YFS_MASTER_CATALOG,ORGANIZATION_CODE,char(24),YES,,
YFS_MASTER_CATALOG,MASTER_CATALOG_ID,varchar(40),YES,,
YFS_MASTER_CATALOG,SHORT_DESCRIPTION,varchar(100),YES,,
YFS_MASTER_CATALOG,DESCRIPTION,varchar(2000),YES,,
YFS_MASTER_CATALOG,LOCKID,int,YES,,
YFS_MASTER_CATALOG,CREATETS,datetime,YES,,
YFS_MASTER_CATALOG,MODIFYTS,datetime,YES,,
YFS_MASTER_CATALOG,CREATEUSERID,varchar(40),YES,,
YFS_MASTER_CATALOG,MODIFYUSERID,varchar(40),YES,,
YFS_MASTER_CATALOG,CREATEPROGID,varchar(40),YES,,
YFS_MASTER_CATALOG,MODIFYPROGID,varchar(40),YES,,
YFS_ORGANIZATION,ORGANIZATION_CODE,char(24),YES,,
YFS_PERSON_INFO,ADDRESS_KEY,char(24),YES,,
YFS_PRICE_PROGRAM,PRICE_PROGRAM_KEY,char(24),YES,,
YFS_QUERY,QUERY_KEY,char(24),YES,,
YFS_QUERY,QUERY_TYPE,varchar(20),YES,,
YFS_QUERY,QUERY_NAME,varchar(100),YES,,
YFS_QUERY,QUERY_DEFINITION,text,YES,,
YFS_QUERY,LOCKID,int,YES,,
YFS_QUERY,CREATETS,datetime,YES,,
YFS_QUERY,MODIFYTS,datetime,YES,,
YFS_QUERY,CREATEUSERID,varchar(40),YES,,
YFS_QUERY,MODIFYUSERID,varchar(40),YES,,
YFS_QUERY,CREATEPROGID,varchar(40),YES,,
YFS_QUERY,MODIFYPROGID,varchar(40),YES,,
YFS_QUERY,ORGANIZATION_CODE,char(24),YES,,
YFS_REGION_ADDNL_CAPACITY,REGION_ADDNL_CAPACITY_KEY,char(24),YES,,
YFS_REGION_ADDNL_CAPACITY,ORGANIZATION_CODE,char(24),YES,,
YFS_REGION_ADDNL_CAPACITY,SERVICE_TYPE_ID,char(24),YES,,
YFS_REGION_ADDNL_CAPACITY,ITEM_GROUP_CODE,varchar(20),YES,,
YFS_REGION_ADDNL_CAPACITY,REGION_LEVEL_NAME,varchar(40),YES,,
YFS_REGION_ADDNL_CAPACITY,ADDITIONAL_CAPACITY,"decimal(14,4)",YES,,
YFS_SERVICE_ACTIVITY,SERVICE_ACTIVITY_KEY,char(24),YES,,
YFS_SERVICE_ACTIVITY_INSTR,SERVICE_ACTIVITY_INSTR_KEY,char(24),YES,,
YFS_SERVICE_ACTIVITY_INSTR,SERVICE_ACTIVITY_KEY,char(24),YES,,
YFS_SERVICE_ACTIVITY_INSTR,SEQUENCE_NO,int,YES,,
YFS_SERVICE_ACTIVITY_INSTR,INSTRUCTION_TEXT,varchar(4000),YES,,
YFS_SERVICE_ACTIVITY_INSTR,INSTRUCTION_TYPE,varchar(10),YES,,
YFS_SERVICE_ACTIVITY_INSTR,INSTRUCTION_URL,varchar(255),YES,,
YFS_SERVICE_ACTIVITY_INSTR,INSTRUCTION_USAGE,varchar(10),YES,,
YFS_SERVICE_ACTIVITY_INSTR,LOCKID,int,YES,,
YFS_SERVICE_ACTIVITY_INSTR,CREATETS,datetime,YES,,
YFS_SERVICE_ACTIVITY_INSTR,MODIFYTS,datetime,YES,,
YFS_SERVICE_ACTIVITY_INSTR,CREATEUSERID,varchar(40),YES,,
YFS_SERVICE_ACTIVITY_INSTR,MODIFYUSERID,varchar(40),YES,,
YFS_SERVICE_ACTIVITY_INSTR,CREATEPROGID,varchar(40),YES,,
YFS_SERVICE_ACTIVITY_INSTR,MODIFYPROGID,varchar(40),YES,,
YFS_SERVICE_SKILL,SERVICE_SKILL_KEY,char(24),YES,,
YFS_SERVICE_SKILL,ORGANIZATION_CODE,char(24),YES,,
YFS_SERVICE_SKILL,SERVICE_SKILL_ID,varchar(40),YES,,
YFS_SERVICE_TYPE,SERVICE_TYPE_ID,char(24),YES,,
YFS_SERVICE_TYPE,ORGANIZATION_CODE,char(24),YES,,
YFS_SHIP_NODE,SHIPNODE_KEY,char(24),YES,,
YFS_SHIP_NODE,SHIP_NODE,char(24),YES,,
YFS_SHIP_NODE,DESCRIPTION,varchar(100),YES,,
YFS_SHIP_NODE,SHIPNODE_TYPE,varchar(20),YES,,
YFS_SHIP_NODE,GLN,varchar(40),YES,,
YFS_SHIP_NODE,ACTIVATE_FLAG,char(1),YES,,
YFS_SHIP_NODE,SHIP_NODE_ADDRESS_KEY,char(24),YES,,
YFS_SHIP_NODE,TIME_DIFF,"decimal(14,4)",YES,,
YFS_SHIP_NODE,LATITUDE,"decimal(11,8)",YES,,
YFS_SHIP_NODE,LONGITUDE,"decimal(11,8)",YES,,
YFS_SHIP_NODE,SHIP_NODE_CLASS,varchar(40),YES,,
YFS_SHIP_NODE,OWNER_TYPE,char(20),YES,,
YFS_SHIP_NODE,OWNER_KEY,char(24),YES,,
YFS_SHIP_NODE,LOCALECODE,varchar(20),YES,,
YFS_SHIP_NODE,CONTACT_ADDRESS_KEY,char(24),YES,,
YFS_SHIP_NODE,INHERIT_CONFIG_FROM_SHIPNODE,char(24),YES,,
YFS_SHIP_NODE,NODE_ORG_CODE,char(24),YES,,
YFS_SHIP_NODE,NODE_TYPE,varchar(40),YES,,
YFS_SHIP_NODE,IDENTIFIED_BY_PARENT_AS,char(24),YES,,
YFS_SHIP_NODE,AGENT_CRITERIA_GROUP,varchar(40),YES,,
YFS_SHIP_NODE,LOCKID,int,YES,,
YFS_SHIP_NODE,CREATETS,datetime,YES,,
YFS_SHIP_NODE,MODIFYTS,datetime,YES,,
YFS_SHIP_NODE,CREATEUSERID,varchar(40),YES,,
YFS_SHIP_NODE,MODIFYUSERID,varchar(40),YES,,
YFS_SHIP_NODE,CREATEPROGID,varchar(40),YES,,
YFS_SHIP_NODE,MODIFYPROGID,varchar(40),YES,,
YFS_SHIP_NODE,RECEIVE_ADJ_RSN_CODE,varchar(40),YES,,
YFS_SHIP_NODE,PACK_ADJ_RSN_CODE,varchar(40),YES,,
YFS_SHIP_NODE,SHIP_ADJ_RSN_CODE,varchar(40),YES,,
YFS_SHIP_NODE,OVER_ALLOC_ADJ_RSN_CODE,varchar(40),YES,,
YFS_SHIP_NODE,MAX_CONCURRENT_WAVES,int,YES,,
YFS_SHIP_NODE,ALLOW_INV_OPS_WHILE_PHY_CNT,char(1),YES,,
YFS_SHIP_NODE,WAVE_SHORTAGE_HANDLING_TYPE,varchar(40),YES,,
YFS_SHIP_NODE,VOICE_APPL_INSTANCE_KEY,char(24),YES,,
YFS_SHIP_NODE,DCM_INTEGRATION_REAL_TIME,char(1),YES,,
YFS_SHIP_NODE,SERIAL_TRACKING,char(1),YES,,
YFS_SHIP_NODE,SERIAL_TRCKD_ON_TRANSFER,char(1),YES,,
YFS_SHIP_NODE,SERIAL_TRCKD_IN_SHIPPING,char(1),YES,,
YFS_SHIP_NODE,SERIAL_TRCKD_RECEIVING,varchar(40),YES,,
YFS_SHIP_NODE,TAG_TRACKED_IN_INVENTORY,char(1),YES,,
YFS_SHIP_NODE,TAG_TRACKED_AT_RECEIPT,char(1),YES,,
YFS_SHIP_NODE,INTERFACE_TYPE,varchar(20),YES,,
YFS_SHIP_NODE,INTERFACE_SUB_TYPE,varchar(100),YES,,
YFS_SHIP_NODE,REQUIRES_CHANGE_REQUEST,char(1),YES,,
YFS_SHIP_NODE,SUPPLIER_KEY,char(24),YES,,
YFS_SHIP_NODE,PICKLIST_TYPE,varchar(20),YES,,
YFS_SHIP_NODE,RETURN_CENTER_FLAG,char(1),YES,,
YFS_SHIP_NODE,ACCEPTANCE_REQUIRED,char(1),YES,,
YFS_SHIP_NODE,GENERATE_BOL_NUMBER,char(1),YES,,
YFS_SHIP_NODE,CURRENT_BOL_NUMBER,char(35),YES,,
YFS_SHIP_NODE,RECEIVING_CALENDAR_KEY,char(24),YES,,
YFS_SHIP_NODE,SHIPPING_CALENDAR_KEY,char(24),YES,,
YFS_SHIP_NODE,EXPORT_TAXPAYER_ID,varchar(40),YES,,
YFS_SHIP_NODE,EXPORT_LICENSE_NO,varchar(40),YES,,
YFS_SHIP_NODE,EXPORT_LICENSE_EXP_DATE,date,YES,,
YFS_SHIP_NODE,INVENTORYTYPE,varchar(20),YES,,
YFS_SHIP_NODE,DEFAULT_DECLARED_VALUE,"decimal(15,2)",YES,,
YFS_SHIP_NODE,MAINTAIN_INVENTORY_COST,char(1),YES,,
YFS_SHIP_NODE,INVENTORY_TRACKED,char(1),YES,,
YFS_SHIP_NODE,SHIPPING_NODE,char(1),YES,,
YFS_SHIP_NODE,RECEIVING_NODE,char(1),YES,,
YFS_SHIP_NODE,RETURNS_NODE,char(1),YES,,
YFS_SHIP_NODE,THREE_PL_NODE,char(1),YES,,
YFS_SHIP_NODE,RECEIPT_PROCESSING_TIME,"decimal(14,4)",YES,,
YFS_SHIP_NODE,RCPT_PRCSSNG_TIME_FOR_FRWRDNG,"decimal(14,4)",YES,,
YFS_SHIP_NODE,RCPT_PRCSSNG_TIME_FOR_FUTURE,int,YES,,
YFS_SHIP_NODE,MAX_DAYS_TO_SCH_BEFORE,int,YES,,
YFS_SHIP_NODE,PROCURE_TO_SHIP_ALLOWED,char(1),YES,,
YFS_SHIP_NODE,SUBSTITUTION_ALLOWED,char(1),YES,,
YFS_SHIP_NODE,WORK_ORDER_CREATION_ALLOWED,char(1),YES,,
YFS_SHIP_NODE,DELAYED_INV_ALLOC_SUPPORT,char(1),YES,,
YFS_SHIP_NODE,IGNORE_PENDING_ALLOCATION,char(1),YES,,
YFS_SHIP_NODE,X_DOC_NODE,char(1),YES,,
YFS_SHIP_NODE,USE_END_OF_SHIFT_TIME,char(1),YES,,
YFS_SHIP_NODE,CAN_SHIP_TO_OTHER_ADDRESSES,char(1),YES,,
YFS_SHIP_NODE,CAN_SHIP_TO_ALL_NODES,char(1),YES,,
YFS_SHIP_NODE,BOL_PREFIX,varchar(2),YES,,
YFS_SHIP_NODE,REQUIRE_TRANSFER_ACCEPTANCE,char(1),YES,,
YFS_SHIP_NODE,IS_IBA_ALLOWED,char(1),YES,,
YFS_SHIP_NODE,RESOURCE_PLANNING_ENABLED,char(1),YES,,
YFS_SHIP_NODE,RESOURCE_PLANNING_UOM,varchar(40),YES,,
YFS_SHIP_NODE,PLANNING_CALENDAR_KEY,char(24),YES,,
YFS_SHIP_NODE,SUPPLY_DEMAND_DIFF_THRESHOLD,"decimal(5,2)",YES,,
YFS_SHIP_NODE,DEFAULT_PERSON_DAY_HOURS,int,YES,,
YFS_SHIP_NODE,IS_FULFILLMENT_NODE,char(1),YES,,
YFS_SHIP_NODE,IS_YARD,char(1),YES,,
YFS_SHIP_NODE,DOCK_SCHEDULING,varchar(20),YES,,
YFS_SHIP_NODE,ALLOW_GIFT_WRAP,char(1),YES,,
YFS_UOM,UOM,varchar(40),YES,,
yks_item,item_key,int,NO,PRI,auto_increment
yks_item,item_id,varchar(100),YES,,
yks_item,item_description,text,YES,,
yks_item,stock,int,YES,,
yks_item2,item_key,int,NO,PRI,auto_increment
yks_item2,item_id,varchar(100),YES,,
yks_item2,item_description,text,YES,,
yks_item2,stock,int,YES,,
yks_item_img,item_img_key,int,NO,PRI,auto_increment
yks_item_img,item_key,int,YES,,
yks_item_img,img_url,text,YES,,
yks_item_img2,item_img_key,int,NO,PRI,auto_increment
yks_item_img2,item_key,int,YES,,
yks_item_img2,img_url,text,YES,,
